threshold,global_iou,global_dice,global_precision,global_recall,tp,fp,fn,tn,global_gt_flood_percent,global_pred_flood_percent,global_area_ratio,positive_scene_mean_iou,positive_scene_median_iou,positive_scene_mean_dice,positive_scene_median_dice,positive_scene_mean_precision,positive_scene_mean_recall,positive_scene_mean_fpr,positive_scene_mean_fnr,positive_scene_mean_gt_flood_percent,positive_scene_mean_pred_flood_percent,positive_scene_mean_area_ratio,positive_scene_median_area_ratio,flood_scene_count,no_flood_scene_count,no_flood_global_fpr,no_flood_mean_pred_flood_percent,no_flood_scene_false_alarm_rate
0.1,0.4076796722803947,0.5792222198107998,0.4156524513865384,0.9550641588416419,2401994,3376858,113014,14552093,12.301961669948565,28.26679509580312,2.2977469654172076,0.2809755452901435,0.1966367872791563,0.3789783225269425,0.32864811696501706,0.2923724065413378,0.8693432410648108,0.24182087575452463,0.13065675893518944,13.449615011728879,30.167616537041074,35.744017918088474,4.282633544202561,82,6,0.09331352961953322,14.428185209079592,1.0
0.2,0.4931068823026533,0.6605111638654952,0.5115611882502145,0.931829640303331,2343559,2237631,171449,15691320,12.301961669948565,22.408526645939762,1.8215409255159427,0.3392492849845781,0.2783314339701878,0.446963857816397,0.43546027251143504,0.3676852522437803,0.8210056748447466,0.1713890066914696,0.17899432515525351,13.449615011728879,24.13124267435249,17.070550848324725,2.79543610351399,82,6,0.04895170127788293,7.667703955354099,1.0
0.3,0.5381794236103727,0.6997615692286049,0.5654785939135446,0.9176813751685879,2307976,1773480,207032,16155471,12.301961669948565,19.964117517551273,1.6228401659159732,0.36923034223704687,0.30945229640111316,0.4792986901870216,0.47256005504845267,0.4130291359306967,0.7862385504345366,0.14116598534857205,0.2137614495654633,13.449615011728879,21.54085010509573,10.630394081396734,2.045065970919663,82,6,0.03645815408859143,5.774357595657377,0.8333333333333334
0.4,0.5701499863512169,0.7262363357734459,0.6063487176427723,0.9052162060717103,2276626,1478022,238382,16450929,12.301961669948565,18.365562169245205,1.4928970404865511,0.3893212628478847,0.3532991094866854,0.499690719487026,0.5221288627580656,0.44830932467406803,0.7562812718314049,0.12118759866560519,0.24371872816859513,13.449615011728879,19.834128133777654,7.495907374325693,1.6778251304818155,82,6,0.030212738980410624,4.771794818531043,0.6666666666666666
0.5,0.5970745909050621,0.7477103377703854,0.6436367611589735,0.8919323517062371,2243217,1242005,271791,16686946,12.301961669948565,17.047686311638564,1.3857697470544825,0.4055464015709858,0.3886654301309675,0.5159494462298881,0.559695039265526,0.4823350922623473,0.7289879287866775,0.1050080142332874,0.2710120712133225,13.449615011728879,18.433788989268937,5.667645302944367,1.3641721081862488,82,6,0.025550413432714164,4.026657110099534,0.6666666666666666
0.6,0.6204803679030483,0.7657980685146702,0.6798685801531237,0.8765916450365168,2204635,1038102,310373,16890849,12.301961669948565,15.861590213519799,1.2893545467847418,0.4167258785332652,0.41305371914157385,0.5263561431152595,0.5845331136740894,0.5167415746857089,0.6978982276424129,0.09071764755523594,0.3021017723575871,13.449615011728879,17.178722305099246,4.44901163295269,1.245920277736913,82,6,0.021456840885008648,3.370476556834577,0.6666666666666666
0.7,0.641639923978298,0.7817060423620403,0.719634186069691,0.8554966823167163,2151581,838245,363427,17090706,12.301961669948565,14.624496165346448,1.1887938328625596,0.4237958686022132,0.4267088004049938,0.5322528570069373,0.5981721185612707,0.5563949677073476,0.6586352163943624,0.07635349548499894,0.34136478360563755,13.449615011728879,15.878289864568348,3.492429003339837,1.1388910468874922,82,6,0.01720024996150955,2.698312050613591,0.6666666666666666
0.8,0.6602904193527798,0.7953914708610755,0.7698874651794001,0.8226431088887193,2068954,618392,446054,17310559,12.301961669948565,13.144939294781407,1.0685238376975341,0.42540236118343744,0.44433061206834024,0.5325918560530657,0.6152578816336893,0.6079729806283533,0.6045026150718831,0.06008776425426363,0.395497384928117,13.449615011728879,14.3345215123122,2.6268904535040214,1.0326120033872739,82,6,0.01196373746796236,1.857919150153655,0.6666666666666666
0.9,0.6645851557862315,0.7984994381045393,0.841825634696756,0.7594146817823243,1909934,358866,605074,17570085,12.301961669948565,11.097654813336302,0.9021044863475584,0.4016370431103568,0.3827057563747429,0.5041760884405699,0.5535578552039295,0.6741432393513336,0.49958999940585247,0.041139506155372374,0.5004100005941475,13.449615011728879,12.205108449657867,1.6159285349113715,0.7598943701604665,82,6,0.004244817374136229,0.6743934274173001,0.6666666666666666
