scene_index,scene_name,threshold,iou,dice,precision,recall,gt_percent,pred_percent,area_ratio,tp,fp,fn
0,Ghana_313799,0.5,0.24896239856284458,0.39867076678900903,0.7685982023331421,0.26913547177392355,6.108465868185091,2.1389652464166504,0.35016406616219115,4019,1210,10914
0,Ghana_313799,0.8,0.09014647137150467,0.16538414559667766,0.9396252602359473,0.0906716667782763,6.108465868185091,0.5894528437724982,0.09649768968057322,1354,87,13579
0,Ghana_313799,0.9,0.03531772575250836,0.0682258689753198,0.9688073394495413,0.03535793209669859,6.108465868185091,0.22293671051770403,0.0364963503649635,528,17,14405
29,Mekong_254910,0.5,0.005458673494034104,0.010858076294801575,0.00546448087431694,0.837037037037037,0.06569502907613324,10.063018564928587,153.17777777777778,113,20566,22
29,Mekong_254910,0.8,0.0077645705521472395,0.015409493008655949,0.007804972056272885,0.6,0.06569502907613324,5.050244531497117,76.87407407407407,81,10297,54
29,Mekong_254910,0.9,0.004781997187060478,0.009518477043673012,0.0048509059780282495,0.2518518518518518,0.06569502907613324,3.410788583663836,51.91851851851852,34,6975,101
40,Pakistan_167553,0.5,0.015141661656257285,0.029831622970833183,0.01518339423916922,0.8463648834019204,0.5900325772444912,32.890066975577184,55.742798353909464,1234,80039,224
40,Pakistan_167553,0.8,0.021453700213594672,0.04200621175312894,0.021988989407939218,0.46844993141289437,0.5900325772444912,12.569960138402703,21.30384087791495,683,30378,775
40,Pakistan_167553,0.9,0.026560710194730813,0.05174698375061022,0.028802111637295243,0.2544581618655693,0.5900325772444912,5.212763804860282,8.834705075445816,371,12510,1087
38,Pakistan_70625,0.5,0.032475050609084774,0.06290718713237065,0.03249697917407065,0.9796443111206342,1.7803192138671875,53.668975830078125,30.14570387829441,4572,136118,95
38,Pakistan_70625,0.8,0.05350112767405549,0.10156823997365154,0.05397509256142713,0.8590100707092351,1.7803192138671875,28.333663940429688,15.914934647525177,4009,70266,658
38,Pakistan_70625,0.9,0.053214285714285714,0.10105120379789759,0.05607168897147023,0.5108206556674523,1.7803192138671875,16.218948364257812,9.110134990357832,2384,40133,2283
35,Pakistan_849790,0.5,0.5480888419255857,0.7080844807896775,0.8122628440643257,0.6275915024315332,66.82812481777647,51.63447222233021,0.7726458338180887,107888,24936,64020
35,Pakistan_849790,0.8,0.3519572521108704,0.5206632851169577,0.875469052822564,0.3705063173325267,66.82812481777647,28.28225891097384,0.42320892570444657,63693,9060,108215
35,Pakistan_849790,0.9,0.1953043398413737,0.32678596292437473,0.9357144821138882,0.19796053703143543,66.82812481777647,14.138213878921936,0.21156083486516045,34031,2338,137877
44,Paraguay_232281,0.5,0.3082158172082009,0.4712002609262883,0.30990175468703074,0.9826554210311522,11.249048360502083,35.66916994081663,3.170861107332336,28894,64342,510
44,Paraguay_232281,0.8,0.39859572100855495,0.5699941949216314,0.4167216825426766,0.9016120255747517,11.249048360502083,24.338251890845516,2.1635831859610937,26511,37107,2893
44,Paraguay_232281,0.9,0.46563501433631305,0.6354037803158894,0.5505808445929102,0.7511222962862195,11.249048360502083,15.34635852037752,1.3642361583458034,22086,18028,7318
58,Somalia_166342,0.5,0.0,0.0,0.0,0.0,0.005440277091446524,3.493564605557243,642.1666666666666,0,7706,12
58,Somalia_166342,0.8,0.0,0.0,0.0,0.0,0.005440277091446524,0.35815157518689617,65.83333333333333,0,790,12
58,Somalia_166342,0.9,0.0,0.0,0.0,0.0,0.005440277091446524,0.04261550388299777,7.833333333333333,0,94,12
39,Pakistan_528249,0.5,0.0,0.0,0.0,0.0,0.0,23.797770907484868,nan,0,18320,0
39,Pakistan_528249,0.8,0.0,0.0,0.0,0.0,0.0,9.441168065262008,nan,0,7268,0
39,Pakistan_528249,0.9,0.0,0.0,0.0,0.0,0.0,2.3875711205216805,nan,0,1838,0
