model_baseline,threshold_baseline,scene_index,scene_name,scene_type,valid_pixels_baseline,iou_baseline,dice_baseline,precision_baseline,recall_baseline,fpr_baseline,fnr_baseline,gt_flood_percent_baseline,pred_flood_percent_baseline,area_ratio_baseline,tp_baseline,fp_baseline,fn_baseline,tn_baseline,model_pw5,threshold_pw5,valid_pixels_pw5,iou_pw5,dice_pw5,precision_pw5,recall_pw5,fpr_pw5,fnr_pw5,gt_flood_percent_pw5,pred_flood_percent_pw5,area_ratio_pw5,tp_pw5,fp_pw5,fn_pw5,tn_pw5,iou_change,dice_change,precision_change,recall_change,area_ratio_change,pw5_overprediction_factor,pw5_underprediction_factor
baseline,0.8,0,sample_00,flood,244464,0.0901464713715046,0.1653841455966776,0.9396252602359472,0.0906716667782763,0.0003790337688591,0.9093283332217236,6.108465868185091,0.5894528437724982,0.0964976896805732,1354,87,13579,229444,pw5,0.8,244464,0.0425531914893617,0.0816326530612244,0.9799691833590138,0.0425902363892051,5.663722982952194e-05,0.9574097636107948,6.108465868185091,0.2654787616990641,0.0434607915355253,636,13,14297,229518,-0.047593279882142896,-0.0837514925354532,0.04034392312306667,-0.0480814303890712,-0.0530368981450479,0.04346079153552535,0.04346079153552535
baseline,0.8,1,sample_01,flood,262144,0.0538674033149171,0.1022280471821756,0.6554621848739496,0.0554371002132196,0.000157246574134,0.9445628997867804,0.5367279052734375,0.0453948974609375,0.0845771144278607,78,41,1329,260696,pw5,0.8,262144,0.0449438202247191,0.086021505376344,0.7901234567901234,0.0454868514570007,6.519979903120769e-05,0.9545131485429992,0.5367279052734375,0.0308990478515625,0.0575692963752665,64,17,1343,260720,-0.008923583090198,-0.0162065418058316,0.13466127191617383,-0.009950248756218895,-0.027007818052594203,0.057569296375266525,0.057569296375266525
baseline,0.8,3,sample_03,flood,262144,0.4136962626917261,0.5852689486552567,0.6282808398950132,0.5477688787185355,0.0043804707556215,0.4522311212814645,1.3336181640625,1.1627197265625,0.8718535469107551,1915,1133,1581,257515,pw5,0.8,262144,0.4508255563531945,0.6214745175655616,0.7339306583560576,0.5389016018306636,0.0026406544802202,0.4610983981693364,1.3336181640625,0.9792327880859376,0.7342677345537757,1884,683,1612,257965,0.03712929366146839,0.03620556891030491,0.10564981846104449,-0.008867276887871922,-0.13758581235697942,0.7342677345537758,0.7342677345537758
baseline,0.8,4,sample_04,flood,171624,0.6844954063100919,0.8127008286825639,0.9172260219500556,0.7295614989499254,0.0196967517770224,0.2704385010500746,23.027665128420267,18.31620286207057,0.7953999139697883,28833,2602,10688,129501,pw5,0.8,171624,0.6645834334887746,0.7984981949458484,0.9300010091156784,0.6995774398421093,0.015752859511139,0.3004225601578907,23.027665128420267,17.32216939355801,0.7522329900559196,27648,2081,11873,130022,-0.019911972821317292,-0.014202633736715486,0.012774987165622753,-0.029984059107816097,-0.04316692391386867,0.7522329900559196,0.7522329900559196
baseline,0.8,5,sample_05,flood,117511,0.6313951293184822,0.7740554301915177,0.8744622186304105,0.6943314680431438,0.9153379549393414,0.3056685319568561,90.1796427568483,71.60350945868898,0.7940096818941031,73579,10563,32392,977,pw5,0.8,117511,0.6205377839592026,0.7658417965956229,0.8730824052376006,0.6820639608949618,0.9104852686308492,0.3179360391050381,90.1796427568483,70.44957493341049,0.7812137282841533,72279,10507,33692,1033,-0.010857345359279624,-0.008213633595894776,-0.0013798133928099032,-0.012267507148182033,-0.012795953609949895,0.7812137282841533,0.7812137282841533
baseline,0.8,6,sample_06,flood,262144,0.7597681809684053,0.8634866673749071,0.7956147220046985,0.9440185830429731,0.004049038353391,0.0559814169570267,1.6422271728515625,1.94854736328125,1.186527293844367,4064,1044,241,256795,pw5,0.8,262144,0.7771027150180368,0.8745726495726496,0.8096933728981207,0.9507549361207898,0.0037310104367454,0.0492450638792102,1.6422271728515625,1.9283294677734373,1.1742160278745644,4093,962,212,256877,0.01733453404963159,0.011085982197742483,0.014078650893422195,0.006736353077816615,-0.012311265969802587,1.1742160278745644,1.1742160278745644
baseline,0.8,10,sample_10,flood,262144,0.0012224938875305,0.0024420024420024,1.0,0.0012224938875305,0.0,0.9987775061124694,0.62408447265625,0.000762939453125,0.0012224938875305,2,0,1634,260508,pw5,0.8,262144,0.0006108735491753,0.0012210012210012,0.5,0.0006112469437652,3.838653707371751e-06,0.9993887530562348,0.62408447265625,0.000762939453125,0.0012224938875305,1,1,1635,260507,-0.0006116203383551999,-0.0012210012210012,-0.5,-0.0006112469437652999,0.0,0.0012224938875305623,0.0012224938875305623
baseline,0.8,11,sample_11,flood,261992,0.7577408369107113,0.8621758350252205,0.7984120437203547,0.937008382209386,0.2124399626192597,0.0629916177906141,47.311749977098536,55.52459617087545,1.173589989754181,116145,29325,7808,108714,pw5,0.8,261992,0.7687191041463497,0.869238198812086,0.82210905638392,0.9220995054577138,0.1791667572207854,0.0779004945422861,47.311749977098536,53.06612415646279,1.1216267456213245,114297,24732,9656,113307,0.01097826723563844,0.007062363786865422,0.023697012663565276,-0.014908876751672184,-0.05196324413285658,1.1216267456213243,1.1216267456213243
baseline,0.8,12,sample_12,flood,246049,0.8505092246370666,0.9192164116921642,0.8756359884113188,0.967362042809916,0.1186879781834709,0.032637957190084,46.34808513751326,51.203215619652994,1.1047536369136874,110317,15668,3722,116342,pw5,0.8,246049,0.8696228346519176,0.930265525788598,0.9014551407019882,0.9609782618227096,0.090750700704492,0.0390217381772902,46.34808513751326,49.40845116216688,1.0660300423539315,109589,11980,4450,120030,0.019113610014851012,0.011049114096433832,0.025819152290669334,-0.006383780987206378,-0.038723594559755936,1.0660300423539313,1.0660300423539313
baseline,0.8,13,sample_13,flood,262087,0.5635004583597771,0.7208190510553851,0.8746503539026586,0.6130052334600501,0.0711981487237937,0.3869947665399499,44.76452475704632,31.37355153059862,0.7008574691873647,71919,10307,45403,134458,pw5,0.8,262087,0.5633651783973485,0.720708361913076,0.9231383615984664,0.5910911849440003,0.0398853313991641,0.4089088150559997,44.76452475704632,28.663001217153084,0.6403061659364825,69348,5774,47974,138991,-0.00013527996242868046,-0.0001106891423091616,0.048488007695807855,-0.021914048516049833,-0.060551303250882205,0.6403061659364826,0.6403061659364826
baseline,0.8,14,sample_14,flood,262144,0.1103778254413463,0.1988112927191679,0.4274760383386581,0.1295256534365924,0.0034866662256448,0.8704743465634075,1.9702911376953125,0.5970001220703125,0.303000968054211,669,896,4496,256083,pw5,0.8,262144,0.0976832641770401,0.1779807843754922,0.4771959459459459,0.1093901258470474,0.002408757135797,0.8906098741529526,1.9702911376953125,0.45166015625,0.2292352371732817,565,619,4600,256360,-0.012694561264306209,-0.020830508343675697,0.04971990760728778,-0.020135527589544996,-0.0737657308809293,0.2292352371732817,0.2292352371732817
baseline,0.8,15,sample_15,flood,188716,0.245340220076353,0.394013163826526,0.4167461377074194,0.3736320109439124,0.0167224446048515,0.6263679890560876,3.0988363466796667,2.778248797134318,0.896545827633379,2185,3058,3663,179810,pw5,0.8,188716,0.2121703853955375,0.3500669344042838,0.5035301668806161,0.268296853625171,0.0084596539580462,0.731703146374829,3.0988363466796667,1.651158354352572,0.5328317373461012,1569,1547,4279,181321,-0.033169834680815496,-0.04394622942224219,0.08678402917319672,-0.10533515731874143,-0.36371409028727775,0.5328317373461012,0.5328317373461012
baseline,0.8,16,sample_16,flood,183120,0.5718713262797905,0.727631221104161,0.6936738397718434,0.765084358021161,0.0134165313468766,0.234915641978839,3.8193534294451728,4.212538226299694,1.1029453817557906,5351,2363,1643,173763,pw5,0.8,183120,0.5735348779581216,0.7289763779527559,0.8112513144058885,0.6618530168716042,0.0061149404403665,0.3381469831283957,3.8193534294451728,3.115989515072084,0.8158421504146411,4629,1077,2365,175049,0.0016635516783310988,0.0013451568485949306,0.11757747463404511,-0.10323134114955679,-0.28710323134114946,0.8158421504146411,0.8158421504146411
baseline,0.8,17,sample_17,flood,242000,0.4942321137264041,0.661519865871252,0.7643030903685016,0.5831042067638164,0.0115013277526686,0.4168957932361836,6.011570247933884,4.586363636363636,0.7629227385207589,8483,2616,6065,224836,pw5,0.8,242000,0.4494809270883631,0.6201957110139497,0.7866272314355128,0.5118916689579324,0.0088809946714031,0.4881083310420676,6.011570247933884,3.91198347107438,0.6507423700852351,7447,2020,7101,225432,-0.04475118663804095,-0.04132415485730234,0.022324141067011194,-0.07121253780588399,-0.11218036843552381,0.6507423700852352,0.6507423700852352
baseline,0.8,19,sample_19,flood,151793,0.8684570633519101,0.9295980950120905,0.8745005965898156,0.9921052171938588,0.4372301338268029,0.0078947828061411,75.43562614876839,85.58036273082422,1.1344820358758494,113602,16303,904,20984,pw5,0.8,151793,0.8696092264278266,0.9302577395698324,0.8770204012188143,0.9903760501633102,0.4264757153967871,0.0096239498366897,75.43562614876839,85.18574637829148,1.1292508689500986,113404,15902,1102,21385,0.0011521630759164792,0.000659644557741923,0.002519804628998701,-0.001729167030548595,-0.005231166925750763,1.1292508689500986,1.1292508689500986
baseline,0.8,20,sample_20,flood,262142,0.5947409491830027,0.7458778173190984,0.816829593062908,0.6862670195639717,0.0250118628959657,0.3137329804360282,13.98059067223108,11.745923964874,0.8401593495047613,25151,5640,11498,219853,pw5,0.8,262142,0.5842798727850976,0.7375967880699742,0.8863192556572348,0.631613413735709,0.0131667058400925,0.368386586264291,13.98059067223108,9.962920859686736,0.7126251739474474,23148,2969,13501,222524,-0.010461076397905056,-0.008281029249124217,0.06948966259432676,-0.05465360582826273,-0.12753417555731394,0.7126251739474475,0.7126251739474475
baseline,0.8,21,sample_21,flood,224355,0.5383451461336306,0.6999016410415696,0.6580356273727246,0.7474568774878373,0.0163159336959096,0.2525431225121627,4.031111408259232,4.578903969156025,1.1358911985846971,6760,3513,2284,211798,pw5,0.8,224355,0.5689596458368806,0.7252699549622877,0.7120937666489078,0.7389429455992923,0.0125492891677619,0.2610570544007076,4.031111408259232,4.183102672104477,1.037704555506413,6683,2702,2361,212609,0.03061449970325003,0.025368313920718144,0.05405813927618319,-0.00851393188854499,-0.09818664307828406,1.037704555506413,1.037704555506413
baseline,0.8,22,sample_22,flood,155332,0.0320384461353624,0.0620876988746604,0.0649350649350649,0.0594795539033457,0.0074811510062537,0.9405204460966544,0.8658872608348569,0.7931398552777277,0.9159851301115242,80,1152,1265,152835,pw5,0.8,155332,0.0090169992609017,0.0178728391444477,0.0111293559569421,0.0453531598513011,0.0351977764356731,0.9546468401486988,0.8658872608348569,3.5285710606958,4.075092936802974,61,5420,1284,148567,-0.0230214468744607,-0.044214859730212705,-0.0538057089781228,-0.014126394052044598,3.1591078066914493,4.0750929368029745,4.0750929368029745
baseline,0.8,23,sample_23,flood,262144,0.2281284606866002,0.3715058611361587,0.6710097719869706,0.256857855361596,0.0003864667753365,0.743142144638404,0.305938720703125,0.1171112060546875,0.3827930174563591,206,101,596,261241,pw5,0.8,262144,0.1428571428571428,0.25,0.8731343283582089,0.1458852867830423,6.504886317545592e-05,0.8541147132169576,0.305938720703125,0.051116943359375,0.1670822942643391,117,17,685,261325,-0.0852713178294574,-0.12150586113615869,0.20212455637123827,-0.1109725685785537,-0.21571072319201998,0.16708229426433915,0.16708229426433915
baseline,0.8,24,sample_24,flood,262119,0.7597750339086105,0.8634910932008,0.7889918282598929,0.953526252457958,0.2762205250065566,0.046473747542042,51.99623071963497,62.83939737294893,1.208537551727174,129958,34756,6334,91071,pw5,0.8,262119,0.765844817685903,0.8673976444765108,0.8056238949468001,0.93943151468905,0.2455116946283389,0.06056848531095,51.99623071963497,60.63238452763821,1.1660919202887916,128037,30892,8255,94935,0.006069783777292503,0.003906551275710823,0.0166320666869072,-0.014094737768908017,-0.042445631438382314,1.1660919202887918,1.1660919202887918
baseline,0.8,25,sample_25,flood,203133,0.1981276270538784,0.3307287513953117,0.3471710746568463,0.3157734470158344,0.009757366811943,0.6842265529841657,1.616674789423678,1.470465163218187,0.9095615103532276,1037,1950,2247,197899,pw5,0.8,203133,0.1577409931840311,0.272497897392767,0.4402173913043478,0.197320341047503,0.0041231129502774,0.8026796589524969,1.616674789423678,0.7246483830790664,0.4482338611449452,648,824,2636,199025,-0.04038663386984731,-0.05823085400254474,0.09304631664750146,-0.11845310596833136,-0.46132764920828245,0.44823386114494523,0.44823386114494523
baseline,0.8,26,sample_26,flood,261859,0.120845921450151,0.215633423180593,0.5333333333333333,0.1351351351351351,0.0001338109747938,0.8648648648648649,0.1130379326278646,0.0286413680644927,0.2533783783783784,40,35,256,261528,pw5,0.8,261859,0.1132075471698113,0.2033898305084746,0.6206896551724138,0.1216216216216216,8.410975558469661e-05,0.8783783783783784,0.1130379326278646,0.022149324636541,0.1959459459459459,36,22,260,261541,-0.007638374280339699,-0.012243592672118414,0.08735632183908049,-0.013513513513513487,-0.05743243243243251,0.1959459459459456,0.1959459459459456
baseline,0.8,27,sample_27,flood,262135,0.9056164277860298,0.9504708445845912,0.9279840678401644,0.9740744775213582,0.210130926289076,0.0259255224786417,73.54340320827055,77.19610124554141,1.0496672424435765,187785,14573,4998,54779,pw5,0.8,262135,0.9160866703892788,0.9562058799805372,0.9593135565788512,0.9531182728767578,0.1123687853270273,0.0468817271232421,73.54340320827055,73.0684570927194,0.9935419616874932,183745,7793,9038,61559,0.010470242603249025,0.005735035395945998,0.031329488738686795,-0.020956204644600462,-0.05612528075608325,0.9935419616874932,0.9935419616874932
baseline,0.8,28,sample_28,flood,262111,0.909409646546006,0.9525558312655088,0.9279636433958616,0.9784869494290376,0.002952798817295,0.0215130505709624,3.741926130532484,3.945656611130399,1.0544453507340945,9597,745,211,251558,pw5,0.8,262111,0.9161383285302592,0.9562340201534064,0.9406253082158004,0.9723694942903752,0.0023860199839082,0.0276305057096247,3.741926130532484,3.868208507082877,1.0337479608482871,9537,602,271,251701,0.006728681984253249,0.0036781888878976154,0.0126616648199388,-0.006117455138662353,-0.020697389885807382,1.0337479608482874,1.0337479608482874
baseline,0.8,29,sample_29,flood,205495,0.0077645705521472,0.0154094930086559,0.0078049720562728,0.6,0.0501412154265679,0.4,0.0656950290761332,5.050244531497117,76.87407407407407,81,10297,54,195063,pw5,0.8,205495,0.0062908597508326,0.0125030644765874,0.0063567244173002,0.3777777777777777,0.0388196338137904,0.6222222222222222,0.0656950290761332,3.904231246502348,59.42962962962963,51,7972,84,197388,-0.0014737108013145993,-0.002906428532068501,-0.0014482476389726003,-0.22222222222222227,-17.444444444444443,59.429629629629666,59.429629629629666
baseline,0.8,30,sample_30,flood,258487,0.414243983864237,0.5858168584636569,0.4831278390655418,0.7439420434673994,0.0125194511246286,0.2560579565326005,1.5486272036891604,2.384646036357728,1.539845116162878,2978,3186,1025,251298,pw5,0.8,258487,0.4597333333333333,0.6298867373036171,0.6145437262357415,0.6460154883837123,0.0063736816459973,0.3539845116162878,1.5486272036891604,1.6279348671306488,1.05121159130652,2586,1622,1417,252862,0.04548934946909633,0.044069878839960164,0.1314158871701997,-0.0979265550836872,-0.4886335248563578,1.05121159130652,1.05121159130652
baseline,0.8,31,sample_31,flood,50135,0.1917098445595854,0.3217391304347826,0.1921133875947235,0.9891618497109826,0.1180898853356854,0.0108381502890173,2.760546524384163,14.213623217313254,5.148843930635838,1369,5757,15,42994,pw5,0.8,50135,0.2094446187637276,0.3463484239200934,0.2110671936758893,0.9645953757225434,0.1023568747307747,0.0354046242774566,2.760546524384163,12.615936970180512,4.570086705202312,1335,4990,49,43761,0.017734774204142212,0.024609293485310824,0.018953806081165814,-0.024566473988439252,-0.5787572254335256,4.5700867052023115,4.5700867052023115
baseline,0.8,32,sample_32,flood,241255,0.145979020979021,0.2547673531655225,0.9277777777777778,0.147656940760389,5.413869500757942e-05,0.852343059239611,0.4687985741228161,0.074609852645541,0.1591511936339522,167,13,964,240111,pw5,0.8,241255,0.0256183745583038,0.0499569336778639,0.9666666666666668,0.0256410256410256,4.164515000583032e-06,0.9743589743589745,0.4687985741228161,0.0124349754409235,0.026525198938992,29,1,1102,240123,-0.1203606464207172,-0.2048104194876586,0.03888888888888897,-0.12201591511936338,-0.1326259946949602,0.026525198938992033,0.026525198938992033
baseline,0.8,33,sample_33,flood,236584,0.9227540932359032,0.9598253843089756,0.9337883473185546,0.98735606231655,0.0715549439748378,0.0126439376834499,50.54568356270923,53.44528793155919,1.0573660135638008,118071,8372,1512,108629,pw5,0.8,236584,0.926257780597074,0.9617173671427984,0.9470437059677173,0.9768528971509328,0.0558285826616866,0.0231471028490671,50.54568356270923,52.13666181990329,1.0314760459262604,116815,6532,2768,110469,0.003503687361170793,0.0018919828338228584,0.013255358649162607,-0.010503165165617223,-0.025889967637540368,1.0314760459262604,1.0314760459262604
baseline,0.8,34,sample_34,flood,209501,0.4527363184079602,0.6232876712328768,0.7459016393442623,0.5352941176470588,0.0001480908226684,0.4647058823529412,0.0811451973976257,0.0582336122500608,0.7176470588235294,91,31,79,209300,pw5,0.8,209501,0.430327868852459,0.6017191977077364,0.5865921787709497,0.6176470588235294,0.0003535071250794,0.3823529411764705,0.0811451973976257,0.0854411196127942,1.0529411764705885,105,74,65,209257,-0.022408449555501198,-0.021568473525140353,-0.15930946057331263,0.08235294117647063,0.3352941176470591,1.0529411764705892,1.0529411764705892
baseline,0.8,35,sample_35,flood,257239,0.3519572521108704,0.5206632851169577,0.875469052822564,0.3705063173325267,0.1061747782165918,0.6294936826674733,66.82812481777647,28.28225891097384,0.4232089257044465,63693,9060,108215,76271,pw5,0.8,257239,0.3013091834207623,0.4630862323259847,0.9028553117568684,0.3114049375247225,0.0675018457535948,0.6885950624752775,66.82812481777647,23.049770835681997,0.3449112315889894,53533,5760,118375,79571,-0.05064806869010813,-0.05757705279097297,0.027386258934304353,-0.05910137980780422,-0.07829769411545712,0.3449112315889895,0.3449112315889895
baseline,0.8,36,sample_36,flood,73010,0.2071720220131368,0.3432352941176471,0.2080770259427654,0.9794376835921108,0.1257734294250074,0.0205623164078892,3.263936447062046,15.36364881523079,4.70709190096517,2334,8883,49,61744,pw5,0.8,73010,0.2490963214969168,0.3988424546769938,0.2501601537475977,0.9832144355853966,0.0994378920242966,0.0167855644146034,3.263936447062046,12.828379674017258,3.930339907679396,2343,7023,40,63604,0.041924299483779986,0.055607160559346724,0.04208312780483231,0.003776751993285754,-0.776751993285774,3.9303399076793957,3.9303399076793957
baseline,0.8,37,sample_37,flood,191444,0.3293774031351671,0.4955363350668854,0.3334643385173956,0.9641253178940532,0.2059110908113295,0.0358746821059466,9.653475690019013,27.910511690102588,2.891239651534008,17818,35615,663,137348,pw5,0.8,191444,0.2896759706947699,0.4492228703597798,0.2935587815167923,0.9563335317352956,0.2459023028046461,0.0436664682647042,9.653475690019013,31.448360878376967,3.2577241491261297,17674,42532,807,130431,-0.0397014324403972,-0.04631346470710557,-0.039905557000603276,-0.007791786158757641,0.36648449759212154,3.2577241491261297,3.2577241491261297
baseline,0.8,38,sample_38,flood,262144,0.0535011276740554,0.1015682399736515,0.0539750925614271,0.8590100707092351,0.2729020456196087,0.1409899292907649,1.7803192138671875,28.333663940429688,15.914934647525175,4009,70266,658,187211,pw5,0.8,262144,0.0573872640275705,0.1085454042807048,0.0582266625039025,0.7992286265266767,0.2343121909918167,0.2007713734733233,1.7803192138671875,24.43695068359375,13.726162416970215,3730,60330,937,197147,0.0038861363535151044,0.006977164307053307,0.0042515699424754,-0.059781444182558374,-2.18877223055496,13.726162416970217,13.726162416970217
baseline,0.8,40,sample_40,flood,247105,0.0214537002135946,0.0420062117531289,0.0219889894079392,0.4684499314128943,0.1236652594983859,0.5315500685871056,0.5900325772444912,12.569960138402704,21.30384087791495,683,30378,775,215269,pw5,0.8,247105,0.0172817281728172,0.0339762873827641,0.0175542857142857,0.5267489711934157,0.1749746587582995,0.4732510288065844,0.5900325772444912,17.70502418000445,30.006858710562412,768,42982,690,202665,-0.004171972040777398,-0.008029924370364802,-0.004434703693653501,0.05829903978052137,8.703017832647461,30.006858710562412,30.006858710562412
baseline,0.8,41,sample_41,flood,262144,0.3933184855233853,0.5645780051150895,0.4361355329447792,0.8002537611020483,0.0222423985005474,0.1997462388979518,2.1045684814453125,3.861618041992188,1.834874025738626,4415,5708,1102,250919,pw5,0.8,262144,0.452420276966078,0.6229881035689293,0.602028740490279,0.6454594888526373,0.0091728461931129,0.3545405111473627,2.1045684814453125,2.2563934326171875,1.0721406561537068,3561,2354,1956,254273,0.05910179144269273,0.05841009845383982,0.1658932075454998,-0.154794272249411,-0.7627333695849192,1.0721406561537068,1.0721406561537068
baseline,0.8,42,sample_42,flood,262142,0.5190495698484228,0.6833872707659115,0.6145264944828422,0.7696279422930904,0.0124394949072026,0.2303720577069096,2.511997314432636,3.1460048370730367,1.2523917995444191,5068,3179,1517,252378,pw5,0.8,262142,0.6072036673215455,0.7556026403716078,0.8153359127682026,0.7040242976461655,0.0041086724292427,0.2959757023538344,2.511997314432636,2.169053413798628,0.8634776006074412,4636,1050,1949,254507,0.08815409747312275,0.0722153696056963,0.20080941828536036,-0.06560364464692492,-0.388914198936978,0.863477600607441,0.863477600607441
baseline,0.8,43,sample_43,flood,261199,0.8821518379340547,0.9373864745177511,0.9005999769239644,0.9773061633330205,0.0150314937274265,0.0226938366669796,12.230904406219013,13.27263886921466,1.085172316649451,31222,3446,725,225806,pw5,0.8,261199,0.8960784877866329,0.945191344723984,0.9172434103961123,0.9748959213697688,0.0122572540261371,0.0251040786302313,12.230904406219013,12.99966692062374,1.062854102106614,31145,2810,802,226442,0.013926649852578188,0.007804870206232883,0.016643433472147917,-0.0024102419632516803,-0.02231821454283689,1.0628541021066142,1.0628541021066142
baseline,0.8,44,sample_44,flood,261391,0.3985957210085549,0.5699941949216314,0.4167216825426766,0.9016120255747516,0.1599529283968498,0.0983879744252482,11.249048360502083,24.33825189084552,2.1635831859610937,26511,37107,2893,194880,pw5,0.8,261391,0.4553517592826717,0.6257617876617129,0.5154337296345223,0.7961841926268535,0.0948716953967248,0.2038158073731465,11.249048360502083,17.37626773683868,1.544687797578561,23411,22009,5993,209978,0.056756038274116793,0.05576759274008147,0.09871204709184567,-0.10542783294789815,-0.6188953883825328,1.5446877975785607,1.5446877975785607
baseline,0.8,45,sample_45,flood,262144,0.1283957365400382,0.2275721759348963,0.1302756364039709,0.8989667049368542,0.060424380902474,0.1010332950631458,0.9967803955078124,6.8782806396484375,6.900497512437811,2349,15682,264,243849,pw5,0.8,262144,0.0602555045331449,0.1136622338210388,0.0612764174100461,0.7833907386146192,0.1208294962836809,0.2166092613853807,0.9967803955078124,12.743377685546877,12.784538844240338,2047,31359,566,228172,-0.06814023200689329,-0.11390994211385749,-0.0689992189939248,-0.11557596632223499,5.884041331802527,12.78453884424034,12.78453884424034
baseline,0.8,47,sample_47,flood,253937,0.8265268763521385,0.905025693356172,0.8358465163244698,0.9866894469167196,0.0479074267808114,0.0133105530832803,19.822239374333005,23.399504601535025,1.1804672600127146,49666,9754,670,193847,pw5,0.8,253937,0.867037517986874,0.928784247380046,0.8813749799318575,0.981583757151939,0.0326619220927205,0.018416242848061,19.822239374333005,22.075947971347222,1.1136959631277814,49409,6650,927,196951,0.0405106416347355,0.023758554023873946,0.045528463607387715,-0.005105689764780541,-0.06677129688493322,1.1136959631277812,1.1136959631277812
baseline,0.8,48,sample_48,flood,255656,0.5733925549915397,0.7288614061029708,0.5806382523024202,0.9787003610108304,0.00774261920391,0.0212996389891696,1.0834871859060613,1.8262821916950904,1.6855595667870036,2711,1958,59,250928,pw5,0.8,255656,0.6028495102404274,0.7522222222222222,0.6112866817155757,0.9776173285198556,0.0068093923744295,0.0223826714801444,1.0834871859060613,1.732797196232437,1.5992779783393505,2708,1722,62,251164,0.029456955248887695,0.02336081611925145,0.030648429413155487,-0.0010830324909747446,-0.0862815884476531,1.5992779783393498,1.5992779783393498
baseline,0.8,49,sample_49,flood,259578,0.6502397145724161,0.7880548611580299,0.788961038961039,0.787150762586044,0.0061863274232756,0.212849237413956,2.854248048756058,2.8476989575387743,0.9977054933189364,5832,1560,1577,250609,pw5,0.8,259578,0.666038180532642,0.7995473192813694,0.8399465002229157,0.762855985963018,0.0042709452787614,0.237144014036982,2.854248048756058,2.5922844000647203,0.9082197327574572,5652,1077,1757,251092,0.015798465960225827,0.011492458123339433,0.05098546126187675,-0.024294776623026038,-0.08948576056147928,0.908219732757457,0.908219732757457
baseline,0.8,51,sample_51,flood,175465,0.4610594355982973,0.6311302940383059,0.5496405581919842,0.7409894216760626,0.0600270544470747,0.2590105783239374,8.997235915994644,12.129484512580856,1.3481345410781025,11698,9585,4089,150093,pw5,0.8,175465,0.4666978703487011,0.6363926474342609,0.6412631037365747,0.631595616646608,0.0349328022645574,0.368404383353392,8.997235915994644,8.861596329752372,0.9849243048077532,9971,5578,5816,154100,0.005638434750403765,0.005262353395955044,0.09162254554459048,-0.10939380502945462,-0.3632102362703493,0.9849243048077531,0.9849243048077531
baseline,0.8,52,sample_52,flood,262144,0.3904207657844903,0.5615865001328727,0.4554418103448276,0.7322418572418572,0.0403312051077414,0.2677581427581427,4.4036865234375,7.080078125,1.6077616077616077,8453,10107,3091,240493,pw5,0.8,262144,0.4377186612977754,0.6089072543617998,0.647811645173896,0.5744109494109494,0.0143854748603351,0.4255890505890506,4.4036865234375,3.90472412109375,0.8866943866943867,6631,3605,4913,246995,0.047297895513285115,0.04732075422892712,0.1923698348290684,-0.1578309078309078,-0.721067221067221,0.8866943866943867,0.8866943866943867
baseline,0.8,53,sample_53,flood,262143,0.0,0.0,0.0,0.0,1.5260127956172912e-05,1.0,0.0083923659987106,0.0015258847270382,0.1818181818181818,0,4,22,262117,pw5,0.8,262143,0.0,0.0,0.0,0.0,0.0,1.0,0.0083923659987106,0.0,0.0,0,0,22,262121,0.0,0.0,0.0,0.0,-0.1818181818181818,0.0,0.0
baseline,0.8,54,sample_54,flood,262144,0.6593361527617583,0.7946987132949227,0.6844583987441131,0.9472676388275152,0.0504664067952406,0.0527323611724849,10.35919189453125,14.336776733398438,1.383966710855796,25724,11859,1432,223129,pw5,0.8,262144,0.7040304094246003,0.8263120253380104,0.7685460880582832,0.8934673736927382,0.0310952048615248,0.1065326263072617,10.35919189453125,12.042999267578123,1.162542347915746,24263,7307,2893,227681,0.04469425666284199,0.031613312043087705,0.0840876893141701,-0.05380026513477698,-0.22142436294005008,1.162542347915746,1.162542347915746
baseline,0.8,55,sample_55,flood,203209,0.0314551422319474,0.0609917793688676,0.2390852390852391,0.0349544072948328,0.0018307414502873,0.9650455927051672,1.6190227795028764,0.2367021145716971,0.1462006079027355,115,366,3175,199553,pw5,0.8,203209,0.0267568362246398,0.052119129438717,0.4504950495049505,0.0276595744680851,0.0005552248660707,0.9723404255319148,1.6190227795028764,0.0994050460363468,0.0613981762917933,91,111,3199,199808,-0.004698306007307598,-0.008872649930150599,0.2114098104197114,-0.007294832826747696,-0.08480243161094221,0.0613981762917933,0.0613981762917933
baseline,0.8,56,sample_56,flood,222316,0.0,0.0,0.0,0.0,4.060657194807773e-05,1.0,0.3045214919304053,0.0040482916209359,0.0132939438700147,0,9,677,221630,pw5,0.8,222316,0.0,0.0,0.0,0.0,0.0,1.0,0.3045214919304053,0.0,0.0,0,0,677,221639,0.0,0.0,0.0,0.0,-0.0132939438700147,0.0,0.0
baseline,0.8,57,sample_57,flood,184172,0.565490960652251,0.7224455137277102,0.6900616416134963,0.7580185317177477,0.0541033740671289,0.2419814682822523,13.712182090654387,15.06255022478987,1.09847944880019,19143,8598,6111,150320,pw5,0.8,184172,0.4719981015662078,0.6413025955182976,0.7663896075301371,0.5513186029935851,0.0267055965969871,0.4486813970064148,13.712182090654387,9.8641487305345,0.7193711887225785,13923,4244,11331,154674,-0.09349285908604321,-0.08114291820941255,0.07632796591664082,-0.20669992872416254,-0.37910826007761156,0.7193711887225787,0.7193711887225787
baseline,0.8,58,sample_58,flood,220577,0.0,0.0,0.0,0.0,0.0035817106068505,1.0,0.0054402770914465,0.3581515751868961,65.83333333333333,0,790,12,219775,pw5,0.8,220577,0.0,0.0,0.0,0.0,0.0004533810894747,1.0,0.0054402770914465,0.045335642428721,8.333333333333334,0,100,12,220465,0.0,0.0,0.0,0.0,-57.49999999999999,8.333333333333364,8.333333333333364
baseline,0.8,59,sample_59,flood,241360,0.7263933328372647,0.8415154519201758,0.929094889121538,0.7690247360957932,0.0032580269913323,0.2309752639042067,5.259363606231355,4.353248259860789,0.8277138805734993,9762,745,2932,227921,pw5,0.8,241360,0.7247859361976207,0.8404358140760917,0.9500397298371076,0.7535055931936347,0.0021997148679733,0.2464944068063652,5.259363606231355,4.171362280411004,0.7931306128879786,9565,503,3129,228163,-0.0016073966396440431,-0.001079637844084158,0.020944840715569568,-0.0155191429021585,-0.03458326768552067,0.7931306128879786,0.7931306128879786
baseline,0.8,60,sample_60,flood,255044,0.6807774181824475,0.810074446286438,0.7509736540664376,0.8792721908040324,0.0620236130989458,0.1207278091959675,17.540894904408653,20.537632722196957,1.1708429264367302,39336,13044,5401,197263,pw5,0.8,255044,0.6768264090781206,0.8072706935123043,0.8079394577166782,0.8066030355186982,0.0407879908895091,0.1933969644813018,17.540894904408653,17.51188030300654,0.9983458881909828,36085,8578,8652,201729,-0.003951009104326886,-0.0028037527741336943,0.05696580365024062,-0.07266915528533424,-0.17249703824574736,0.9983458881909827,0.9983458881909827
baseline,0.8,61,sample_61,flood,261969,0.2516703786191537,0.4021352313167259,0.3575949367088608,0.4593495934959349,0.0007756291957527,0.540650406504065,0.0939042405780836,0.120624959441766,1.2845528455284554,113,203,133,261520,pw5,0.8,261969,0.1834862385321101,0.3100775193798449,0.2962962962962963,0.3252032520325203,0.0007259583605567,0.6747967479674797,0.0939042405780836,0.1030656299027747,1.0975609756097562,80,190,166,261533,-0.0681841400870436,-0.092057711936881,-0.0612986404125645,-0.1341463414634146,-0.1869918699186992,1.0975609756097562,1.0975609756097562
baseline,0.8,62,sample_62,flood,261984,0.1475603979156797,0.257172342621259,0.164967562557924,0.5830603649976602,0.0242719754316963,0.4169396350023397,0.8156986686209845,2.883000488579455,3.5343940102948057,1246,6307,891,253540,pw5,0.8,261984,0.1201859229747676,0.2145820983995257,0.1360050093926111,0.5081890500701919,0.0265502391792093,0.4918109499298081,0.8156986686209845,3.047896054720899,3.7365465605989705,1086,6899,1051,252948,-0.027374474940912108,-0.0425902442217333,-0.028962553165312904,-0.07487131492746835,0.2021525503041648,3.7365465605989705,3.7365465605989705
baseline,0.8,63,sample_63,flood,171596,0.8628424715381238,0.9263719125167748,0.8779917670009711,0.9803947911368718,0.2106723649260265,0.0196052088631281,60.72810555024593,67.81102123592625,1.1166332396096232,102164,14197,2043,53192,pw5,0.8,171596,0.8663670806503678,0.928399444709952,0.8830196193873487,0.97869624881246,0.2004926620071525,0.0213037511875401,60.72810555024593,67.30809575980793,1.1083516462425749,101987,13511,2220,53878,0.0035246091122440593,0.002027532193177195,0.005027852386377596,-0.0016985423244118003,-0.008281593367048368,1.1083516462425749,1.1083516462425749
baseline,0.8,64,sample_64,flood,262045,0.6290699785355018,0.7723056551579471,0.7138979107082263,0.8411222959948597,0.1229519295870006,0.1588777040051402,26.726325631093896,31.489248029918524,1.1782108945527237,58908,23608,11127,168402,pw5,0.8,262045,0.6429476868668577,0.7826757869484877,0.7168408551068883,0.8618262297422717,0.124170616113744,0.1381737702577282,26.726325631093896,32.131885744814824,1.202256014849718,60358,23842,9677,168168,0.01387770833135582,0.010370131790540582,0.0029429443986620507,0.020703933747412084,0.024045120296994238,1.2022560148497181,1.2022560148497181
baseline,0.8,65,sample_65,flood,262062,0.3916418068058819,0.5628485791250901,0.4948628994596037,0.6524894440534834,0.063273526486884,0.3475105559465165,8.675809541253596,11.439277728171197,1.3185256861365235,14835,15143,7901,224183,pw5,0.8,262062,0.3807878369039392,0.5515515515515516,0.4538714991762768,0.7028061224489796,0.0803381162096888,0.2971938775510204,8.675809541253596,13.43422548862483,1.548469387755102,15979,19227,6757,220099,-0.010853969901942706,-0.011297027573538565,-0.04099140028332693,0.05031667839549614,0.22994370161857836,1.5484693877551021,1.5484693877551021
baseline,0.8,66,sample_66,flood,262057,0.7589873761510056,0.8629821753602489,0.7907386750102027,0.9497536044338132,0.3526515116780222,0.0502463955661869,58.38653422728643,70.12787294367256,1.2010966890187311,145318,38457,7688,70594,pw5,0.8,262057,0.7778432719190564,0.8750414439844627,0.8184192408578045,0.9400807811458374,0.292642891857938,0.0599192188541625,58.38653422728643,67.06594366874383,1.1486543011385175,143838,31913,9168,77138,0.0188558957680508,0.012059268624213804,0.027680565847601812,-0.009672823287975807,-0.0524423878802136,1.1486543011385175,1.1486543011385175
baseline,0.8,67,sample_67,flood,262144,0.1131669682176629,0.2033243375858685,0.1281060401128415,0.4924974000891398,0.0883353627262512,0.5075025999108602,2.5676727294921875,9.871292114257812,3.8444510473926607,3315,22562,3416,232851,pw5,0.8,262144,0.1201364864224444,0.21450330005077,0.1499556344276841,0.3766156588916951,0.0562618190929984,0.6233843411083049,2.5676727294921875,6.448745727539063,2.51151389095231,2535,14370,4196,241043,0.006969518204781505,0.01117896246490152,0.021849594314842596,-0.11588174119744465,-1.3329371564403507,2.5115138909523105,2.5115138909523105
baseline,0.8,68,sample_68,flood,190233,0.3620973782771535,0.5316761988561373,0.3709900230237912,0.9379123011253396,0.0218378309246706,0.0620876988746604,1.354654555203356,3.4247475464299044,2.528133488552581,2417,4098,160,183558,pw5,0.8,190233,0.4391802970483173,0.6103200522534291,0.4600236313509255,0.9064804035700428,0.0146118429466683,0.0935195964299573,1.354654555203356,2.6693581029579514,1.9705083430345365,2336,2742,241,184914,0.0770829187711638,0.07864385339729185,0.0890336083271343,-0.03143189755529685,-0.5576251455180445,1.970508343034536,1.970508343034536
baseline,0.8,69,sample_69,flood,262144,0.9890154880074156,0.9944774125396136,0.9936284477004982,0.9953278293452742,0.3367514356029532,0.0046721706547258,98.13995361328124,98.30780029296876,1.0017102787754404,256066,1642,1202,3234,pw5,0.8,262144,0.987430540765552,0.9936755227533104,0.9961832359283684,0.9911804033148311,0.2003691550451189,0.0088195966851687,98.13995361328124,97.6470947265625,0.9949779995957524,254999,977,2269,3899,-0.0015849472418635324,-0.0008018897863032448,0.0025547882278702527,-0.004147426030443047,-0.006732279179687994,0.9949779995957524,0.9949779995957524
baseline,0.8,70,sample_70,flood,239783,0.1328631063768533,0.234561626429479,0.1349415204678362,0.8961165048543689,0.0247829346646953,0.103883495145631,0.4295550560298269,2.852579207033026,6.640776699029126,923,5917,107,232836,pw5,0.8,239783,0.1757420876744643,0.298946664437385,0.1805695819026459,0.8679611650485437,0.0169924566392883,0.1320388349514563,0.4295550560298269,2.0647835751491974,4.806796116504854,894,4057,136,234696,0.042878981297611,0.06438503800790599,0.045628061434809714,-0.028155339805825186,-1.8339805825242719,4.806796116504855,4.806796116504855
baseline,0.8,71,sample_71,flood,259388,0.4259693666344694,0.5974453261079931,0.5117281392457522,0.7176566314076485,0.0234902406443766,0.2823433685923515,3.3166530448594385,4.651333138001758,1.4024177612460769,6174,5891,2429,244894,pw5,0.8,259388,0.4766134289439374,0.645549362617957,0.6145198571128389,0.6798791119376961,0.0146300616065554,0.3201208880623038,3.3166530448594385,3.669406449026169,1.1063582471230966,5849,3669,2754,247116,0.050644062309467996,0.04810403650996398,0.10279171786708663,-0.037777519469952336,-0.29605951412298026,1.1063582471230966,1.1063582471230966
baseline,0.8,72,sample_72,flood,260855,0.2390167907218279,0.385816871105647,0.3742816870866312,0.3980856829844894,0.0473980748382009,0.6019143170155106,6.648521209100841,7.071361484349543,1.063599146629764,6904,11542,10439,231970,pw5,0.8,260855,0.1821172501054407,0.3081204509775938,0.4041179223210107,0.2489765323185147,0.0261465554058937,0.7510234676814853,6.648521209100841,4.096145368116386,0.6160987141786312,4318,6367,13025,237145,-0.05689954061638722,-0.07769642012805322,0.029836235234379505,-0.1491091506659747,-0.4475004324511329,0.6160987141786312,0.6160987141786312
baseline,0.8,73,sample_73,flood,99126,0.0955579631635969,0.1744462025316455,0.5661103979460848,0.1031096563011456,0.0035635589199675,0.8968903436988543,4.314710570385167,0.7858684906079132,0.1821370119242459,441,338,3836,94511,pw5,0.8,99126,0.06876534940835,0.1286818466680593,0.6039215686274509,0.072013093289689,0.0021297008929983,0.9279869067103108,4.314710570385167,0.5144967011682101,0.1192424596679915,308,202,3969,94647,-0.0267926137552469,-0.04576435586358621,0.03781117068136619,-0.031096563011456607,-0.06289455225625439,0.11924245966799155,0.11924245966799155
baseline,0.8,74,sample_74,flood,218207,0.6220763233483791,0.7670123956488742,0.7355652595827268,0.8012684989429175,0.0025194739153549,0.1987315010570824,0.8670665927307557,0.944515987113154,1.089323467230444,1516,545,376,215770,pw5,0.8,218207,0.6214931050879696,0.7665689149560118,0.8610013175230566,0.6908033826638478,0.0009754293507153,0.3091966173361522,0.8670665927307557,0.6956697081211877,0.8023255813953488,1307,211,585,216104,-0.0005832182604095237,-0.0004434806928624857,0.12543605794032986,-0.11046511627906974,-0.2869978858350951,0.8023255813953488,0.8023255813953488
baseline,0.8,75,sample_75,flood,262104,0.6685754221430665,0.8013727318173834,0.878436018957346,0.7367401187489131,0.045198735668895,0.2632598812510869,30.715288587736165,25.760766718554468,0.8386952525277619,59312,8208,21194,173390,pw5,0.8,262104,0.922983563353908,0.9599495086105851,0.9300248081156316,0.9918639604501528,0.0330840648024758,0.0081360395498472,30.715288587736165,32.757607667185546,1.0664919384890568,79851,6008,655,175590,0.25440814121084143,0.1585767767932017,0.051588789158285575,0.2551238417012397,0.22779668596129488,1.0664919384890568,1.0664919384890568
baseline,0.8,76,sample_76,flood,262099,0.921103159364636,0.9589314919135016,0.9686790114958354,0.9493781905682864,0.0062720555800617,0.0506218094317134,16.965726691059483,16.627686484877852,0.9800751118807204,42216,1365,2251,216267,pw5,0.8,262099,0.9337135642292704,0.9657206542908284,0.9668635318515848,0.96458047540873,0.0067545213939126,0.0354195245912699,16.965726691059483,16.92566549280997,0.997638698360582,42892,1470,1575,216162,0.012610404864634384,0.006789162377326852,-0.0018154796442505505,0.015202284840443614,0.01756358647986167,0.9976386983605822,0.9976386983605822
baseline,0.8,77,sample_77,flood,262137,0.3142042914617792,0.4781665887155066,0.6959158415841584,0.3642075263941965,0.0099595456793326,0.6357924736058035,5.889668379511477,3.082357698455388,0.5233499578988277,5623,2457,9816,244241,pw5,0.8,262137,0.4149589098096328,0.5865313924422879,0.6781130471738207,0.5167433123906989,0.0153507527422192,0.4832566876093011,5.889668379511477,4.488111178505895,0.7620312196385777,7978,3787,7461,242911,0.1007546183478536,0.10836480372678131,-0.01780279441033772,0.15253578599650242,0.23868126173975002,0.7620312196385776,0.7620312196385776
baseline,0.8,78,sample_78,flood,262120,0.1927322907083716,0.3231777863478596,0.3203363914373088,0.3260700389105058,0.0034082849310867,0.6739299610894942,0.4902334808484663,0.4990080878986723,1.0178988326848248,419,889,866,259946,pw5,0.8,262120,0.2040337711069418,0.3389170237631476,0.3393135725429017,0.3385214007782101,0.0032472635957597,0.6614785992217899,0.4902334808484663,0.489088966885396,0.9976653696498056,435,847,850,259988,0.01130148039857018,0.015739237415287988,0.018977181105592877,0.012451361867704291,-0.020233463035019272,0.9976653696498056,0.9976653696498056
baseline,0.8,79,sample_79,flood,262127,0.3269160915365056,0.4927456884752258,0.4484304932735426,0.5467800729040098,0.0042498301219666,0.4532199270959903,0.6279398917318705,0.7656593941104884,1.2193195625759417,900,1107,746,259374,pw5,0.8,262127,0.3347297863426896,0.5015693659761457,0.5188311688311689,0.485419198055893,0.0028447372361131,0.5145808019441069,0.6279398917318705,0.5875014782910574,0.9356014580801943,799,741,847,259740,0.00781369480618399,0.008823677500919835,0.07040067555762625,-0.06136087484811675,-0.2837181044957473,0.9356014580801943,0.9356014580801943
baseline,0.8,80,sample_80,flood,262027,0.6594104308390023,0.7947526646624761,0.8320457796852647,0.760659168192519,0.002273396229338,0.239340831807481,1.459009949356364,1.333832009678392,0.9142035051007062,2908,587,915,257617,pw5,0.8,262027,0.7103211009174312,0.8306289392517098,0.8522289488167308,0.8100967826314412,0.0020797508946414,0.1899032173685587,1.459009949356364,1.3868799780175325,0.9505623855610776,3097,537,726,257667,0.050910670078428866,0.0358762745892337,0.020183169131466117,0.04943761443892225,0.03635888046037139,0.9505623855610777,0.9505623855610777
baseline,0.8,81,sample_81,flood,262136,0.2308471144110698,0.3751028242391006,0.7434782608695653,0.2508250825082508,0.000909760262751,0.7491749174917491,1.0402996917630545,0.3509628589739677,0.3373670700403374,684,236,2043,259173,pw5,0.8,262136,0.164552501761804,0.2826021180030257,0.8079584775086506,0.1712504583791712,0.0004278957168024,0.8287495416208287,1.0402996917630545,0.2204962309640797,0.2119545287862119,467,111,2260,259298,-0.06629461264926581,-0.09250070623607487,0.06448021663908532,-0.07957462412907962,-0.1254125412541255,0.2119545287862119,0.2119545287862119
baseline,0.8,82,sample_82,flood,262127,0.189566053612213,0.318714632174616,0.2036415289256198,0.7328066914498141,0.0237215116838157,0.2671933085501858,0.8209760917417893,2.9542931479778884,3.5985130111524164,1577,6167,575,253808,pw5,0.8,262127,0.2057992382356555,0.34134909313226,0.2186113286348212,0.7783457249070632,0.0230291374170593,0.2216542750929368,0.8209760917417893,2.923010601731222,3.5604089219330857,1675,5987,477,253988,0.016233184623442504,0.022634460957643987,0.014969799709201398,0.04553903345724908,-0.03810408921933073,3.5604089219330852,3.5604089219330852
baseline,0.8,83,sample_83,flood,262070,0.558041958041958,0.7163375224416517,0.8411806043569923,0.6237623762376238,0.001750364013755,0.3762376237623762,1.4644942191017667,1.0859693974892204,0.7415320479416363,2394,452,1444,257780,pw5,0.8,262070,0.6451951321863197,0.784338732304553,0.7681738695978017,0.8011985409067223,0.0035936677096564,0.1988014590932777,1.4644942191017667,1.5274544968901438,1.042991141219385,3075,928,763,257304,0.08715317414436174,0.06800120986290126,-0.07300673475919062,0.1774361646690985,0.3014590932777488,1.042991141219385,1.042991141219385
baseline,0.8,84,sample_84,flood,262091,0.5857651245551602,0.7387791741472173,0.6028501032163548,0.9538510167527132,0.0236104513064133,0.0461489832472869,3.621261317633952,5.72968930638595,1.582235802339058,9053,5964,438,246636,pw5,0.8,262091,0.6075991705130778,0.7559087882822902,0.6246475483116705,0.957011906016226,0.0216072842438638,0.0429880939837741,3.621261317633952,5.548072997546654,1.532083026024655,9083,5458,408,247142,0.021834045957917603,0.017129614135072968,0.02179744509531567,0.0031608892635127672,-0.05015277631440296,1.5320830260246547,1.5320830260246547
baseline,0.8,85,sample_85,flood,262061,0.4129223913850724,0.5844940867279895,0.6607248960190136,0.5240339302544769,0.0021966692185474,0.4759660697455231,0.8097351380022209,0.6422168884343722,0.793119698397738,1112,571,1010,259368,pw5,0.8,262061,0.5007423904974017,0.6673262428889438,0.7022384174908901,0.6357210179076344,0.0022005162749722,0.3642789820923657,0.8097351380022209,0.7330354383139803,0.9052780395852968,1349,572,773,259367,0.08781999911232924,0.0828321561609543,0.04151352147187648,0.11168708765315749,0.11215834118755885,0.9052780395852968,0.9052780395852968
baseline,0.8,86,sample_86,flood,262136,0.3033616216310026,0.4655064513122328,0.3203225215319772,0.8513954507817447,0.153515034870967,0.1486045492182553,7.83219397564623,20.817438276314583,2.6579319078466708,17480,37090,3051,204515,pw5,0.8,262136,0.3147414741474147,0.4787883859091289,0.3354372252076209,0.8361015050411573,0.1407628153390865,0.1638984949588427,7.83219397564623,19.522309030426957,2.492572207880765,17166,34009,3365,207596,0.011379852516412103,0.013281934596896139,0.015114703675643715,-0.0152939457405874,-0.16535969996590572,2.492572207880766,2.492572207880766
baseline,0.8,87,sample_87,flood,262132,0.0972886762360446,0.1773255813953488,0.7093023255813954,0.101328903654485,0.0004823982525605,0.8986710963455149,1.1482764408771151,0.1640394915538736,0.1428571428571428,305,125,2705,258997,pw5,0.8,262132,0.0920245398773006,0.1685393258426966,0.7661290322580645,0.0946843853820598,0.0003357491837821,0.9053156146179402,1.1482764408771151,0.1419132345535836,0.1235880398671096,285,87,2725,259035,-0.005264136358744009,-0.008786255552652195,0.056826706676669114,-0.006644518272425209,-0.01926910299003319,0.12358803986710958,0.12358803986710958
baseline,0.8,88,sample_88,flood,262126,0.3007328784432651,0.4624052846318243,0.338452787258248,0.7296137339055794,0.0179708263798751,0.2703862660944206,1.2444396969396396,2.6826793221580463,2.155732679337829,2380,4652,882,254212,pw5,0.8,262126,0.2516687035818369,0.402133092984828,0.2663151611619578,0.8206621704475782,0.0284898634031769,0.1793378295524218,1.2444396969396396,3.834797006020006,3.0815450643776825,2677,7375,585,251489,-0.04906417486142817,-0.060272191646996265,-0.07213762609629021,0.09104843654199879,0.9258123850398534,3.081545064377683,3.081545064377683
baseline,0.8,89,sample_89,flood,262133,0.270078446021666,0.4252941176470588,0.4054963544587773,0.4471243042671614,0.004068847978627,0.5528756957328386,0.6168624324293394,0.6801890643299394,1.1026592455163884,723,1060,894,259456,pw5,0.8,262133,0.268885564697083,0.4238137341585618,0.4048423423423423,0.4446505875077303,0.0040573323711403,0.5553494124922697,0.6168624324293394,0.6775186641895526,1.098330241187384,719,1057,898,259459,-0.0011928813245829506,-0.0014803834884970501,-0.0006540121164350099,-0.0024737167594310883,-0.0043290043290042934,1.0983302411873839,1.0983302411873839
