scene_index,scene_name,gt_flood_percent_pw5,pred_flood_percent_pw5,area_ratio_pw5,iou_pw5,precision_pw5,recall_pw5
56,sample_56,0.3045214919304053,0.0,0.0,0.0,0.0,0.0
53,sample_53,0.0083923659987106,0.0,0.0,0.0,0.0,0.0
10,sample_10,0.62408447265625,0.000762939453125,0.0012224938875305,0.0006108735491753,0.5,0.0006112469437652
32,sample_32,0.4687985741228161,0.0124349754409235,0.026525198938992,0.0256183745583038,0.9666666666666668,0.0256410256410256
0,sample_00,6.108465868185091,0.2654787616990641,0.0434607915355253,0.0425531914893617,0.9799691833590138,0.0425902363892051
1,sample_01,0.5367279052734375,0.0308990478515625,0.0575692963752665,0.0449438202247191,0.7901234567901234,0.0454868514570007
55,sample_55,1.6190227795028764,0.0994050460363468,0.0613981762917933,0.0267568362246398,0.4504950495049505,0.0276595744680851
73,sample_73,4.314710570385167,0.5144967011682101,0.1192424596679915,0.06876534940835,0.6039215686274509,0.072013093289689
87,sample_87,1.1482764408771151,0.1419132345535836,0.1235880398671096,0.0920245398773006,0.7661290322580645,0.0946843853820598
23,sample_23,0.305938720703125,0.051116943359375,0.1670822942643391,0.1428571428571428,0.8731343283582089,0.1458852867830423
