scene_index,scene_name,iou_baseline,iou_pw5,iou_change,recall_baseline,recall_pw5,area_ratio_baseline,area_ratio_pw5
75,sample_75,0.6685754221430665,0.922983563353908,0.25440814121084143,0.7367401187489131,0.9918639604501528,0.8386952525277619,1.0664919384890568
77,sample_77,0.3142042914617792,0.4149589098096328,0.1007546183478536,0.3642075263941965,0.5167433123906989,0.5233499578988277,0.7620312196385777
42,sample_42,0.5190495698484228,0.6072036673215455,0.08815409747312275,0.7696279422930904,0.7040242976461655,1.2523917995444191,0.8634776006074412
85,sample_85,0.4129223913850724,0.5007423904974017,0.08781999911232924,0.5240339302544769,0.6357210179076344,0.793119698397738,0.9052780395852968
83,sample_83,0.558041958041958,0.6451951321863197,0.08715317414436174,0.6237623762376238,0.8011985409067223,0.7415320479416363,1.042991141219385
68,sample_68,0.3620973782771535,0.4391802970483173,0.0770829187711638,0.9379123011253396,0.9064804035700428,2.528133488552581,1.9705083430345365
41,sample_41,0.3933184855233853,0.452420276966078,0.05910179144269273,0.8002537611020483,0.6454594888526373,1.834874025738626,1.0721406561537068
44,sample_44,0.3985957210085549,0.4553517592826717,0.056756038274116793,0.9016120255747516,0.7961841926268535,2.1635831859610937,1.544687797578561
80,sample_80,0.6594104308390023,0.7103211009174312,0.050910670078428866,0.760659168192519,0.8100967826314412,0.9142035051007062,0.9505623855610776
71,sample_71,0.4259693666344694,0.4766134289439374,0.050644062309467996,0.7176566314076485,0.6798791119376961,1.4024177612460769,1.1063582471230966
